Engineering Number,Description,Alternate Number,Location,PDF,Notes
FRPSHELD-900001,"STANDARD - B1000 STYLE DOUBLE WALL BOX, 38-1/2"" LENGTH, USED BY B1256, B1380, B1385, B1414",,,,SEE S:\Engineering\Part Master List\Standard UDC Chart.xlsx
FRPSHELD-900002,"STANDARD - B1000 STYLE DOUBLE WALL BOX, 37"" LENGTH, USED BY B1250, B1254, B1411",,,,SEE S:\Engineering\Part Master List\Standard UDC Chart.xlsx
FRPSHELD-900003,"STANDARD - B1000 STYLE DOUBLE WALL BOX, 37-1/2"" LENGTH, USED BY B1251",,,,SEE S:\Engineering\Part Master List\Standard UDC Chart.xlsx
FRPSHELD-900004,"STANDARD - B1000 STYLE DOUBLE WALL BOX, 29"" LENGTH, USED BY B1101, B1210, B1242, B1255, B1257, B1290",,,,SEE S:\Engineering\Part Master List\Standard UDC Chart.xlsx
FRPSHELD-900005,"STANDARD - B1000 STYLE DOUBLE WALL BOX, 19"" LENGTH, USED BY B1430, B1670, B1678",,,,SEE S:\Engineering\Part Master List\Standard UDC Chart.xlsx
FRPSHELD-900006,"STANDARD - B1000 STYLE DOUBLE WALL BOX, 13-11/16"" LENGTH, USED BY B1205, B1305",,,,SEE S:\Engineering\Part Master List\Standard UDC Chart.xlsx
FRPSHELD-900007,"STANDARD - B1000 STYLE DOUBLE WALL BOX, 42"" LENGTH, USED BY B1388",,,,SEE S:\Engineering\Part Master List\Standard UDC Chart.xlsx
FRPSHELD-900008,"STANDARD - B1000 STYLE DOUBLE WALL BOX, 37-5/16"" LENGTH, 33"" HEIGHT, USED BY B1380-V",,,,SEE S:\Engineering\Part Master List\Standard UDC Chart.xlsx
FRPSHELE-900001,"STANDARD - B1000 STYLE ECONOMY WALL BOX, 38-1/2"" LENGTH, USED BY B1256, B1380, B1385, B1414",,,,SEE S:\Engineering\Part Master List\Standard UDC Chart.xlsx
FRPSHELE-900002,"STANDARD - B1000 STYLE ECONOMY WALL BOX, 37"" LENGTH, USED BY B1250, B1254, B1411",,,,SEE S:\Engineering\Part Master List\Standard UDC Chart.xlsx
FRPSHELE-900003,"STANDARD - B1000 STYLE ECONOMY WALL BOX, 37-1/2"" LENGTH, USED BY B1251",,,,SEE S:\Engineering\Part Master List\Standard UDC Chart.xlsx
FRPSHELE-900004,"STANDARD - B1000 STYLE ECONOMY WALL BOX, 29"" LENGTH, USED BY B1101, B1210, B1242, B1255, B1257, B1290",,,,SEE S:\Engineering\Part Master List\Standard UDC Chart.xlsx
FRPSHELE-900005,"STANDARD - B1000 STYLE ECONOMY WALL BOX, 19"" LENGTH, USED BY B1430, B1670, B1678",,,,SEE S:\Engineering\Part Master List\Standard UDC Chart.xlsx
FRPSHELE-900006,"STANDARD - B1000 STYLE ECONOMY WALL BOX, 13-11/16"" LENGTH, USED BY B1205, B1305",,,,SEE S:\Engineering\Part Master List\Standard UDC Chart.xlsx
FRPSHELE-900007,"STANDARD - B1000 STYLE ECONOMY WALL BOX, 42"" LENGTH, USED BY B1388",,,,SEE S:\Engineering\Part Master List\Standard UDC Chart.xlsx
FRPSHELE-900008,"STANDARD - B1000 STYLE ECONOMY WALL BOX, 37-5/16"" LENGTH, 33"" HEIGHT, USED BY B1380-V",,,,SEE S:\Engineering\Part Master List\Standard UDC Chart.xlsx
FRPSHELS-900001,"STANDARD - B1000 STYLE SINGLE WALL BOX, 38-1/2"" LENGTH, USED BY B1256, B1380, B1385, B1414",,,,SEE S:\Engineering\Part Master List\Standard UDC Chart.xlsx
FRPSHELS-900002,"STANDARD - B1000 STYLE SINGLE WALL BOX, 37"" LENGTH, USED BY B1250, B1254, B1411",,,,SEE S:\Engineering\Part Master List\Standard UDC Chart.xlsx
FRPSHELS-900003,"STANDARD - B1000 STYLE SINGLE WALL BOX, 37-1/2"" LENGTH, USED BY B1251",,,,SEE S:\Engineering\Part Master List\Standard UDC Chart.xlsx
FRPSHELS-900004,"STANDARD - B1000 STYLE SINGLE WALL BOX, 29"" LENGTH, USED BY B1101, B1210, B1242, B1255, B1257, B1290",,,,SEE S:\Engineering\Part Master List\Standard UDC Chart.xlsx
FRPSHELS-900005,"STANDARD - B1000 STYLE SINGLE WALL BOX, 19"" LENGTH, USED BY B1430, B1670, B1678",,,,SEE S:\Engineering\Part Master List\Standard UDC Chart.xlsx
CSMATERL-000001,"MURPHY CSM, VALVE ASSY, INCL. OPW 10P SHEAR VALVE, 1-1/2 NPT X 18"" L FLEX CONNECTOR, FRP 1-1/2"" THREADED BUSHING, 2"" FRP ELBOW",B1256-MO Valve Assy. SIDE A,X:/Solidworks Drawings/SOLIDWORKS BRAVO DWGS/MAJOR OIL SW/MURPHY/1256/B1256-S30-M4A-SS FLEX/B1256-S30-M4B-T-S.SLDASM,,
CSMATERL-000002,"MURPHY CSM, VALVE ASSY, INCL. E85 ORANGE OPW 10P SHEAR VALVE, 1-1/2 NPT X 18"" L FLEX CONNECTOR, FRP 1-1/2"" THREADED BUSHING, 2"" FRP ELBOW",B1256-MO Valve Assy. E85,X:/Solidworks Drawings/SOLIDWORKS BRAVO DWGS/MAJOR OIL SW/MURPHY/1256/B1256-S30-M4A-SS FLEX/B1256-S30-M4B-T-S.SLDASM,,
CTFORMED-000001,CTOOLEQP-200002 FORMED CR-GA G90 - 12GA SHEET METAL PART.,,X:\Solidworks Drawings\Working Files (Create)\Sandbox\Justin Arakaki\Projects\Custom Tools\Booth,,Inside CTFORMED-000001 SLDPRT
CTFORMED-000002,CTOOLEQP-200002 FORMED CR-GA G90 - 12GA SHEET METAL PART,,X:\Solidworks Drawings\Working Files (Create)\Sandbox\Justin Arakaki\Projects\Custom Tools\Booth,,
CTFORMED-000003,CTOOLEQP-200002 FORMED CR-GA G90 - 12GA SHEET METAL PART,,X:\Solidworks Drawings\Working Files (Create)\Sandbox\Justin Arakaki\Projects\Custom Tools\Booth,,
CTFORMED-000004,CTOOLEQP-200002 FORMED CR-GA G90 - 12GA SHEET METAL PART,,X:\Solidworks Drawings\Working Files (Create)\Sandbox\Justin Arakaki\Projects\Custom Tools\Booth,,
CTFORMED-000005,CTOOLEQP-200002 FORMED CR-GA G90 - 12GA SHEET METAL PART,,X:\Solidworks Drawings\Working Files (Create)\Sandbox\Justin Arakaki\Projects\Custom Tools\Booth,,
CTFORMED-000006,CTOOLEQP-200002 FORMED CR-GA G90 - 12GA SHEET METAL PART,,X:\Solidworks Drawings\Working Files (Create)\Sandbox\Justin Arakaki\Projects\Custom Tools\Booth,,
CTFORMED-000007,CTOOLEQP-200002 FORMED CR-GA G90 - 12GA SHEET METAL PART,,X:\Solidworks Drawings\Working Files (Create)\Sandbox\Justin Arakaki\Projects\Custom Tools\Booth,,
CTFORMED-000008,CTOOLEQP-200002 FORMED CR-GA G90 - 12GA SHEET METAL PART,,X:\Solidworks Drawings\Working Files (Create)\Sandbox\Justin Arakaki\Projects\Custom Tools\Booth,,
CTFORMED-000009,CTOOLEQP-200002 FORMED CR-GA G90 - 12GA SHEET METAL PART,,X:\Solidworks Drawings\Working Files (Create)\Sandbox\Justin Arakaki\Projects\Custom Tools\Booth,,Inside CTFORMED-000009 SLDPRT
CTFORMED-000010,CTOOLEQP-200002 FORMED CR-GA G90 - 12GA SHEET METAL PART,,X:\Solidworks Drawings\Working Files (Create)\Sandbox\Justin Arakaki\Projects\Custom Tools\Booth,,
CTFORMED-000011,CTOOLEQP-200002 FORMED CR-GA G90 - 12GA SHEET METAL PART,,X:\Solidworks Drawings\Working Files (Create)\Sandbox\Justin Arakaki\Projects\Custom Tools\Booth,,Inside CTFORMED-000001 SLDPRT
CTFORMED-000012,CTOOLEQP-200002 FORMED CR-GA G90 - 12GA SHEET METAL PART,,X:\Solidworks Drawings\Working Files (Create)\Sandbox\Justin Arakaki\Projects\Custom Tools\Booth,,Inside CTFORMED-000009 SLDPRT
CTFORMED-000013,CTOOLEQP-900001 SIGN PLATE,,X:\Solidworks Drawings\Working Files (Create)\Sandbox\Justin Arakaki\Projects\Custom Tools\Sign,,
CTFORMED-000014,CTOOLEQP-900001 SIGN BACKING PLATE,,X:\Solidworks Drawings\Working Files (Create)\Sandbox\Justin Arakaki\Projects\Custom Tools\Sign,,
CTFORMED-000015,CTOOLEQP-900002 RAMP PLATE,,X:\Solidworks Drawings\Working Files (Create)\Sandbox\Justin Arakaki\Projects\Custom Tools\Semi-Truck Ramp,,
CTFORMED-000016,CTOOLEQP-900002 TRUSS,,X:\Solidworks Drawings\Working Files (Create)\Sandbox\Justin Arakaki\Projects\Custom Tools\Semi-Truck Ramp,,
CTFORMED-000017,CTOOLEQP-900002 RIB,,X:\Solidworks Drawings\Working Files (Create)\Sandbox\Justin Arakaki\Projects\Custom Tools\Semi-Truck Ramp,,
CTFORMED-000018,CTOOLEQP-900002 ANCHOR,,X:\Solidworks Drawings\Working Files (Create)\Sandbox\Justin Arakaki\Projects\Custom Tools\Semi-Truck Ramp,,
CTFORMED-000019,CTOOLEQP-900002 ALIGNMENT PANEL THINGS,,X:\Solidworks Drawings\Working Files (Create)\Sandbox\Justin Arakaki\Projects\Custom Tools\Semi-Truck Ramp,,
CTFORMED-000020,CTOOLEQP-400005 COMPONENT,JIGINSRT-00001,,,
CTFORMED-000021,CTOOLEQP-400005 COMPONENT,JIGINSRT-00002,,,
CTFORMED-000022,CTOOLEQP-400005 COMPONENT,JIGINSRT-00003,,,
CTFORMED-000023,CTOOLEQP-400005 COMPONENT,JIGINSRT-00004,,,
CTFORMED-000024,CTOOLEQP-400005 COMPONENT,JIGINSRT-00005,,,
CTFORMED-000025,"CTOOLEQP-400006, 12GA GA",,,,
CTFORMED-000026,"CTOOLEQP-400006, 12GA GA",,,,
CTFORMED-000027,"CTOOLEQP-400006, 12GA GA",,,,
CTFORMED-000028,"CTOOLEQP-400006, 1/4"" GA",,,,
CTFORMED-000029,"CTOOLEQP-400006, 1/4"" GA",,,,
CTFORMED-000030,"CTOOLEQP-400006, 1/4"" GA",,,,
CTFORMED-000031,"CTOOLEQP-400006, 1/4"" GA",,,,
CTFORMED-000032,"CTOOLEQP-400006, 1/4"" GA",,,,
CTFORMED-000033,"CTOOLEQP-400006, 1/4"" GA",,,,
CTOOLEQP-100001,"TEMPORARY FAN UNIT REPLACEMENT ENCLOSURE ASSY, FULL DOCUMENTATION INCOMPLETE","CTOL-200002, CTOOLS-200002",X:\Solidworks Drawings\Working Files (Create)\Sandbox\Justin Arakaki\Projects\Custom Tools\Fan Unit,,"CFRM, CREF, HDWR UNRECOGNIZED ENGR NUMBERS"
CTOOLEQP-200002,GRINDING BOOTH REPLACEMENT ENCLOSURE PARTS NON-ASSEMBLED (REPLACEMENT FOR THE FIRE),,X:\Solidworks Drawings\Working Files (Create)\Sandbox\Justin Arakaki\Projects\Custom Tools\Booth,,
CTOOLEQP-400001,JIG FOR CAST IRON INSERTS IN MILL,Bracket insert jig 1,,,SEE CTOOLEQP-400001 FOR LASER CUT NAME
CTOOLEQP-400002,JIG FOR CAST IRON INSERTS IN MILL,Bracket insert jig 2,,,SEE CTOOLEQP-400001 FOR LASER CUT NAME
CTOOLEQP-400003,JIG FOR CAST IRON INSERTS IN MILL,Bracket insert jig 3,,,SEE CTOOLEQP-400001 FOR LASER CUT NAME
CTOOLEQP-400004,DRILL JIG FOR  UNISTRUTS,"DJIGUN-100001, DRLJIGUN, Base Jig",X:\Solidworks Drawings\Working Files (Create)\Sandbox\Ricardo Burgos\Unistrut Jig,,
CTOOLEQP-400005,OBSOLETED - SEE CTOOLEQP-400006. DRILL JIG FIXTURE FOR BRACKET INSERTS. MAX REQUEST 7/7/2025.,JIGINSRT,,,
CTOOLEQP-400006,CTOOLEQP-400005 REVISION B. DRILL JIG FIXTURE FOR BRACKET INSERTS. MAX REQUEST 7/10/2025.,,,,
CTOOLEQP-500001,F-17 MOLD MASTER PLUG BASE,F-07,X:\Solidworks Drawings\Working Files (Create)\Sandbox\Ricardo Burgos\Fitting Mold\F-17,,
CTOOLEQP-900001,"SIGN PLATE FOR BUILDING, 5"" LETTERING",,,,
CTOOLEQP-900002,RAMP FOR SPEED BUMP THING AT SHIPPING,,X:\Solidworks Drawings\Working Files (Create)\Sandbox\Justin Arakaki\Projects\Custom Tools\Semi-Truck Ramp,,
CTWELDMT-000001,"CTOOLEQP-200002 WELDED SHEET METAL PART. CTFORMED-000001, CTFORMED-000011",,X:\Solidworks Drawings\Working Files (Create)\Sandbox\Justin Arakaki\Projects\Custom Tools\Booth,,
CTWELDMT-000002,"CTOOLEQP-200002 WELDED SHEET METAL PART. CTFORMED-000009, CTFORMED-000012",,X:\Solidworks Drawings\Working Files (Create)\Sandbox\Justin Arakaki\Projects\Custom Tools\Booth,,
FORMEDEP-000001,"FORMEDUF-000001 EPOXY COATED, CUSTOM BK-STYLE VALVE BRACKET PLATE, TYPE B-1000, 9/16"" SLOT MOD","BP, CBKPLATE-100001",X:\Solidworks Drawings\SOLIDWORKS BRAVO DWGS\B-1000\COMPONENTS,,
FORMEDUF-000001,"CUSTOM BK-STYLE VALVE BRACKET PLATE, UNFINISHED, TYPE B-1000, 9/16"" SLOT MOD","BP, CBKPLATE-100001",X:\Solidworks Drawings\SOLIDWORKS BRAVO DWGS\B-1000\COMPONENTS,,
FORMEDUF-000002,"B1210 SIDE FRAME, BENT, BOTH SIDES, UNFINISHED, 12GA GA",F1210,,,
FORMEDUF-000003,"B1242 SIDE FRAME, BENT, BOTH SIDES, UNFINISHED, 12GA GA",F1242,,,
FORMEDUF-000004,"B1250 SIDE FRAME, BENT, BOTH SIDES, UNFINISHED, 12GA GA",F1250,,,
FORMEDUF-000005,"B1257 SIDE FRAME, BENT, BOTH SIDES, UNFINISHED, 12GA GA",F1257,,,
FORMEDUF-000006,"B1380 SIDE FRAME, BENT, BOTH SIDES, UNFINISHED, 12GA GA",F1380,,,
FORMEDUF-000007,"B1670 SIDE FRAME, BENT, BOTH SIDES, UNFINISHED, 12GA GA",F1670,,,
FORMEDUF-000008,"B1256 SIDE FRAME, BENT, BOTH SIDES, UNFINISHED, 12GA GA",F1256,,,
FORMEDUF-000009,"B1411 SIDE FRAME, BENT, BOTH SIDES, UNFINISHED, 12GA GA",F1411,,,
FORMEDUF-000010,"B1251 SIDE FRAME, BENT, BOTH SIDES, UNFINISHED, 12GA GA",F1251,,,
FORMEDUF-000011,"B1254 SIDE FRAME, BENT, BOTH SIDES, UNFINISHED, 12GA GA",F1254,,,
FORMEDUF-000012,"B1430 SIDE FRAME, BENT, BOTH SIDES, UNFINISHED, 12GA GA",F1430,,,
LOGIASSY-000001,"B1210 FRAME ASSEMBLY, INCL. SIDE FRAME, END FRAME, UNISTRUT BRACKET CHANNEL, AND ALL SERRATED FLANGE NUTS",B1210-FRAME-SUBASSY,X:\Solidworks Drawings\SOLIDWORKS BRAVO DWGS\DISSOLVABLE,,
LOGIASSY-000002,"B1242 FRAME ASSEMBLY, INCL. SIDE FRAME, END FRAME, UNISTRUT BRACKET CHANNEL, AND ALL SERRATED FLANGE NUTS",B1242-FRAME-SUBASSY,X:\Solidworks Drawings\SOLIDWORKS BRAVO DWGS\DISSOLVABLE,,
LOGIASSY-000003,"B1250 FRAME ASSEMBLY, INCL. SIDE FRAME, END FRAME, UNISTRUT BRACKET CHANNEL, AND ALL SERRATED FLANGE NUTS",B1250-FRAME-SUBASSY,X:\Solidworks Drawings\SOLIDWORKS BRAVO DWGS\DISSOLVABLE,,
LOGIASSY-000004,"B1251 FRAME ASSEMBLY, INCL. SIDE FRAME, END FRAME, UNISTRUT BRACKET CHANNEL, AND ALL SERRATED FLANGE NUTS",B1251-FRAME-SUBASSY,X:\Solidworks Drawings\SOLIDWORKS BRAVO DWGS\DISSOLVABLE,,
LOGIASSY-000005,"B1254 FRAME ASSEMBLY, INCL. SIDE FRAME, END FRAME, UNISTRUT BRACKET CHANNEL, AND ALL SERRATED FLANGE NUTS",B1254-FRAME-SUBASSY,X:\Solidworks Drawings\SOLIDWORKS BRAVO DWGS\DISSOLVABLE,,
LOGIASSY-000006,"B1256 FRAME ASSEMBLY, INCL. SIDE FRAME, END FRAME, UNISTRUT BRACKET CHANNEL, AND ALL SERRATED FLANGE NUTS",B1256-FRAME-SUBASSY,X:\Solidworks Drawings\SOLIDWORKS BRAVO DWGS\DISSOLVABLE,,
LOGIASSY-000007,"B1257 FRAME ASSEMBLY, INCL. SIDE FRAME, END FRAME, UNISTRUT BRACKET CHANNEL, AND ALL SERRATED FLANGE NUTS",B1257-FRAME-SUBASSY,X:\Solidworks Drawings\SOLIDWORKS BRAVO DWGS\DISSOLVABLE,,
LOGIASSY-000008,"B1380 FRAME ASSEMBLY, INCL. SIDE FRAME, END FRAME, UNISTRUT BRACKET CHANNEL, AND ALL SERRATED FLANGE NUTS",B1380-FRAME-SUBASSY,X:\Solidworks Drawings\SOLIDWORKS BRAVO DWGS\DISSOLVABLE,,
LOGIASSY-000009,"B1411 FRAME ASSEMBLY, INCL. SIDE FRAME, END FRAME, UNISTRUT BRACKET CHANNEL, AND ALL SERRATED FLANGE NUTS",B1411-FRAME-SUBASSY,X:\Solidworks Drawings\SOLIDWORKS BRAVO DWGS\DISSOLVABLE,,
LOGIASSY-000010,"B1430 FRAME ASSEMBLY, INCL. SIDE FRAME, END FRAME, UNISTRUT BRACKET CHANNEL, AND ALL SERRATED FLANGE NUTS",B1430-FRAME-SUBASSY,X:\Solidworks Drawings\SOLIDWORKS BRAVO DWGS\DISSOLVABLE,,
LOGIASSY-000011,"B1670 FRAME ASSEMBLY, INCL. SIDE FRAME, END FRAME, UNISTRUT BRACKET CHANNEL, AND ALL SERRATED FLANGE NUTS",B1670-FRAME-SUBASSY,X:\Solidworks Drawings\SOLIDWORKS BRAVO DWGS\DISSOLVABLE,,
LOGIASSY-000012,"B1305 FRAME ASSEMBLY, INCL. SIDE FRAME, END FRAME, UNISTRUT BRACKET CHANNEL, AND ALL SERRATED FLANGE NUTS",,,,
LOGIASSY-000013,"B1210 FRAME ASSEMBLY, ALL SHEET METAL PARTS ONLY, WELDED, UNFINISHED, 12GA GA",B1210-FRAME-SUBASSY,,,
LOGIASSY-000014,"B1242 FRAME ASSEMBLY, ALL SHEET METAL PARTS ONLY, WELDED, UNFINISHED, 12GA GA",B1242-FRAME-SUBASSY,,,
LOGIASSY-000015,"B1250 FRAME ASSEMBLY, ALL SHEET METAL PARTS ONLY, WELDED, UNFINISHED, 12GA GA",B1250-FRAME-SUBASSY,,,
LOGIASSY-000016,"B1251 FRAME ASSEMBLY, ALL SHEET METAL PARTS ONLY, WELDED, UNFINISHED, 12GA GA",B1251-FRAME-SUBASSY,,,
LOGIASSY-000017,"B1254 FRAME ASSEMBLY, ALL SHEET METAL PARTS ONLY, WELDED, UNFINISHED, 12GA GA",B1254-FRAME-SUBASSY,,,
LOGIASSY-000018,"B1256 FRAME ASSEMBLY, ALL SHEET METAL PARTS ONLY, WELDED, UNFINISHED, 12GA GA",B1256-FRAME-SUBASSY,,,
LOGIASSY-000019,"B1257 FRAME ASSEMBLY, ALL SHEET METAL PARTS ONLY, WELDED, UNFINISHED, 12GA GA",B1257-FRAME-SUBASSY,,,
LOGIASSY-000020,"B1380 FRAME ASSEMBLY, ALL SHEET METAL PARTS ONLY, WELDED, UNFINISHED, 12GA GA",B1380-FRAME-SUBASSY,,,
LOGIASSY-000021,"B1411 FRAME ASSEMBLY, ALL SHEET METAL PARTS ONLY, WELDED, UNFINISHED, 12GA GA",B1411-FRAME-SUBASSY,,,
LOGIASSY-000022,"B1430 FRAME ASSEMBLY, ALL SHEET METAL PARTS ONLY, WELDED, UNFINISHED, 12GA GA",B1430-FRAME-SUBASSY,,,
LOGIASSY-000023,"B1670 FRAME ASSEMBLY, ALL SHEET METAL PARTS ONLY, WELDED, UNFINISHED, 12GA GA",B1670-FRAME-SUBASSY,,,
LOGIASSY-000024,"B1305 FRAME ASSEMBLY, ALL SHEET METAL PARTS ONLY, WELDED, UNFINISHED, 12GA GA",B1305-FRAME-SUBASSY,,,
PIPENIPW-121138,"SMITH PIPE / RED THREAD II NIPPLE 2"" X 11-3/8"" W/ TAPERED ENDS",,,,
WELDASEP-000001,"WELDASUF-000001 EPOXY COATED, A4210-1 WELDED BASE","A4210-1, B8600, B-8600",,,
WELDASEP-000002,"WELDASUF-000002 EPOXY COATED, F-210 UPPER FRAME MEDIUM",,,,
WELDASEP-000003,"WELDASUF-000003 EPOXY COATED, F-242 UPPER FRAME MEDIUM",,,,
WELDASEP-000004,"WELDASUF-000004 EPOXY COATED, F-257 UPPER FRAME MEDIUM",,,,
WELDASEP-000005,"WELDASUF-000005 EPOXY COATED, F-377 UPPER FRAME MEDIUM",,,,
WELDASEP-000011,"WELDASUF-000011 EPOXY COATED, A6210 BASE, WELDED",A6210-1,,,
WELDASEP-000012,"WELDASUF-000012 EPOXY COATED, A6210-1-C0719 BASE, WELDED",A6210-1-C0719,,,
WELDASEP-000013,"WELDASUF-000013 EPOXY COATED, A4678-1 BASE, WELDED",A4678-1,,,
WELDASEP-000017,"WELDASUF-000017 EPOXY COATED, A5210-1-11 BASE",A5210-1-11,,,
WELDASEP-000019,"WELDASUF-000019 EPOXY COATED, A6670-1 BASE, SINGLE PIECE",A6670-1,,,
WELDASEP-000021,"WELDASUF-000021 EPOXY COATED, A6678-1 BASE, SINGLE PIECE",A6678-1,,,
WELDASEP-000022,"WELDASUF-000022 EPOXY COATED, A6951-1 BASE, SINGLE PIECE",A6951-1,,,
WELDASEP-000023,"WELDASUF-000023 EPOXY COATED, MF8001-C MIDFRAME, NO EO",MF8001-C,,,
WELDASEP-000024,"WELDASUF-000024 EPOXY COATED, MF8001-EO5 MIDFRAME, 5 EO",MF8001-EO5,,,
WELDASEP-000025,"WELDASUF-000025 EPOXY COATED, MF8001-EO7 MIDFRAME, 7 EO",MF8001-EO7,,,
WELDASEP-000026,"WELDASUF-000026 EPOXY COATED, MF8002-EO3 MIDFRAME, 3 EO",MF8002-EO3,,,
WELDASEP-000027,"WELDASUF-000027 EPOXY COATED, MF8002-EO4 MIDFRAME, 4 EO",MF8002-EO4,,,
WELDASEP-000028,"WELDASUF-000028 EPOXY COATED, MF8003-C MIDFRAME, NO EO",MF8003-C,,,
WELDASEP-000029,"WELDASUF-000029 EPOXY COATED, MF8003-EO5 MIDFRAME, 5 EO",MF8003-EO5,,,
WELDASEP-000030,"WELDASUF-000030 EPOXY COATED, MF8001-EO4 MIDFRAME, 4 EO",MF8001-EO4,,,
WELDASEP-000031,"WELDASUF-000031 EPOXY COATED, A9000 COMBO FRAME, SMALL, 1X VFA-2 HOLES",A9670,,,"Drawing is just an example of the frame, incl. all metal except F-Frame"
WELDASEP-000032,"WELDASUF-000032 EPOXY COATED, A9000 COMBO FRAME, SMALL, 2X VFA-2 HOLES",A9670,,,"Drawing is just an example of the frame, incl. all metal except F-Frame"
WELDASEP-000033,"WELDASUF-000033 EPOXY COATED, A9000 COMBO FRAME, MEDIUM, 1X VFA-2 HOLES","A9210, A9678",,,"Drawing is just an example of the frame, incl. all metal except F-Frame"
WELDASEP-000034,"WELDASUF-000034 EPOXY COATED, A9000 COMBO FRAME, MEDIUM, 2X VFA-2 HOLES","A9210, A9678",,,"Drawing is just an example of the frame, incl. all metal except F-Frame"
WELDASEP-000037,"WELDASUF-000037 EPOXY COATED, BK-STYLE 7-1/2"" BAR",,,,
WELDASEP-000038,"WELDASUF-000038 EPOXY COATED, BK-STYLE 11"" BAR",,,,
WELDASEP-000039,"WELDASUF-000039 EPOXY COATED, BK-STYLE 13-1/4"" BAR",,,,
WELDASEP-000040,"WELDASUF-000040 EPOXY COATED, BK-STYLE 12"" BAR",,,,
WELDASEP-000041,"WELDASUF-000041 EPOXY COATED, BK-STYLE 16-3/4"" BAR",,,,
WELDASUF-000001,"A4210-1 BASE, WELDED, UNFINISHED, 12GA GA, INCL. B8600-1PM BODY 210, B-8600-1PL END, B-8600-ANCHOR, B-8600-1PM FLASH-MOUNT 36L, B-8600-1PL FLASH-MOUNT 20L, SS C-CHX31.75L, B-8600-ANCHOR","A4210-1, B8600, B-8600",X:/Solidworks Drawings/SOLIDWORKS BRAVO DWGS/B-8000/B-8600/A4210-1 C2-20/A4210-1 C2-20.SLDASM,,
WELDASUF-000002,"F-210 UPPER FRAME MEDIUM, WAYNE RELIANCE, WELDED, UNFINISHED, 12GA GA","UF-210, FRAME-210, F-210",X:\Solidworks Drawings\SOLIDWORKS BRAVO DWGS\UPPER FRAMES\F-210-EO\F-210-EO\FRAME-210.SLDDRW,,WELDASEP-000002
WELDASUF-000003,"F-242 UPPER FRAME MEDIUM, WAYNE HELIX N, WELDED, UNFINISHED, 12GA GA","UF-242, FRAME-242, F-242",,S:/public/Z-Transition/Public Documentation/Production Drawings/FRAMES/F-242/F-242.PDF,WELDASEP-000003
WELDASUF-000004,"F-257 UPPER FRAME MEDIUM, WAYNE HELIX W, WELDED, UNFINISHED, 12GA GA","UF-257, FRAME-257, F-257",X:/Solidworks Drawings/SOLIDWORKS BRAVO DWGS/UPPER FRAMES/F-257/F-257.SLDDRW,S:/public/Z-Transition/Public Documentation/Production Drawings/FRAMES/F-257/F-257.PDF,WELDASEP-000004
WELDASUF-000005,"F-377 UPPER FRAME MEDIUM, GILBARCO ADVANTAGE N, WELDED, UNFINISHED, 12GA GA","UF-377, FRAME-377, F-377",,,WELDASEP-000005
WELDASUF-000006,"A4210-3 BASE, WELDED, UNFINISHED, 12GA SS, INCL. B8600-1PM BODY 210, B-8600-1PL END, B-8600-ANCHOR, B-8600-1PM FLASH-MOUNT 36L, B-8600-1PL FLASH-MOUNT 20L, SS C-CHX31.75L, B-8600-ANCHOR",,,,
WELDASUF-000007,"F-210 UPPER FRAME MEDIUM, WAYNE RELIANCE, WELDED, UNFINISHED, 12GA SS","UF-210, FRAME-210, F-210",X:\Solidworks Drawings\SOLIDWORKS BRAVO DWGS\UPPER FRAMES\F-210-EO\F-210-EO\FRAME-210.SLDDRW,,
WELDASUF-000008,"F-242 UPPER FRAME MEDIUM, WAYNE HELIX N, WELDED, UNFINISHED, 12GA SS","UF-242, FRAME-242, F-242",,S:/public/Z-Transition/Public Documentation/Production Drawings/FRAMES/F-242/F-242.PDF,
WELDASUF-000009,"F-257 UPPER FRAME MEDIUM, WAYNE HELIX W, WELDED, UNFINISHED, 12GA SS","UF-257, FRAME-257, F-257",X:/Solidworks Drawings/SOLIDWORKS BRAVO DWGS/UPPER FRAMES/F-257/F-257.SLDDRW,S:/public/Z-Transition/Public Documentation/Production Drawings/FRAMES/F-257/F-257.PDF,
WELDASUF-000010,"F-377 UPPER FRAME MEDIUM, GILBARCO ADVANTAGE N, WELDED, UNFINISHED, 12GA SS","UF-377, FRAME-377, F-377",,,
WELDASUF-000011,"A6210-1 BASE, WELDED, UNFINISHED, 12GA GA, INCL. BODY, END, ANCHOR, BRACKET, UNI-STRUT",A6210-1,X:/Solidworks Drawings/SOLIDWORKS BRAVO DWGS/B-8000/B-8600/A6210-1/A6210-1.SLDDRW,S:/public/Z-Transition/Public Documentation/Production Drawings/A4000_A5000_A6000 (B8600)/NEW/A6000/A6210-1.pdf,WELDASEP-000006
WELDASUF-000012,"A6210-1-C0719 BASE, WELDED, UNFINISHED, 12GA GA, INCL. BODY, END, ANCHOR, BRACKET, UNI-STRUT, CUST LEG",A6210-1-C0719,X:/Solidworks Drawings/SOLIDWORKS BRAVO DWGS/B-8000/B-8600/A6210-1-LP/A6210-1-C0719.SLDASM,S:/public/Z-Transition/Public Documentation/Production Drawings/A4000_A5000_A6000 (B8600)/NEW/A6000/A6210-1-C0719.PDF,
WELDASUF-000013,"A4678-1 BASE, SINGLE PIECE, WELDED, UNFINISHED, 12GA GA",A4678-1,X:/Solidworks Drawings/Master Files (Vault)/Products/Above Ground/Above Ground A4000 Flush Mount/A4678-1.SLDDRW,X:/Solidworks Drawings/Master Files (Vault)/Products/Above Ground/Above Ground A4000 Flush Mount/PDF/A4678-1.pdf,WELDASEP-000008
WELDASUF-000014,"A6210-3 BASE, WELDED, UNFINISHED, 12GA SS",A6210-3,X:/Solidworks Drawings/SOLIDWORKS BRAVO DWGS/B-8000/B-8600/A6210-3/A6210-3.SLDDRW,,
WELDASUF-000015,"A544-20-3-01 BASE, UNFINISHED, 12GA SS",A544-20-3-01,X:/Solidworks Drawings/Master Files (Vault)/Products/Above Ground/Above Ground A500 In-Dock Transition Sump/A544-20-3-01.SLDDRW,X:/Solidworks Drawings/Master Files (Vault)/Products/Above Ground/Above Ground A500 In-Dock Transition Sump/PDF/A544-20-3-01.pdf,
WELDASUF-000016,"A544-20-3-01 LID, UNFINISHED, 12GA SS",A544-20-3-01,X:/Solidworks Drawings/Master Files (Vault)/Products/Above Ground/Above Ground A500 In-Dock Transition Sump/A544-20-3-01.SLDDRW,X:/Solidworks Drawings/Master Files (Vault)/Products/Above Ground/Above Ground A500 In-Dock Transition Sump/PDF/A544-20-3-01.pdf,
WELDASUF-000017,"A5210-1-11 BASE, WELDED, UNFINISHED, 12GA GA",A5210-1-11,,S:/public/Z-Transition/Public Documentation/Production Drawings/A4000_A5000_A6000 (B8600)/NEW/A5000/A5210-1-11.pdf,
WELDASUF-000018,"A6210-3-2 BASE, SINGLE PIECE, WELDED, UNFINISHED, 12GA SS",A6210-3,X:/Solidworks Drawings/SOLIDWORKS BRAVO DWGS/B-8000/B-8600/A6210-3/A6210-3.SLDDRW,X:/Solidworks Drawings/SOLIDWORKS BRAVO DWGS/B-8000/B-8600/A6210-3-2/A6210-3-2.pdf,
WELDASUF-000019,"A6670-1 BASE, SINGLE PIECE, WELDED, UNFINISHED, 12GA GA",A6670-1,X:/Solidworks Drawings/SOLIDWORKS BRAVO DWGS/B-8000/B-8600/A6670-1/A6670-1.SLDDRW,X:/Solidworks Drawings/SOLIDWORKS BRAVO DWGS/B-8000/B-8600/A6670-1/A6670-1.pdf,
WELDASUF-000020,"A6670-3 BASE, SINGLE PIECE, WELDED, UNFINISHED, 12GA SS",A6670-3,X:/Solidworks Drawings/SOLIDWORKS BRAVO DWGS/B-8000/B-8600/A6670-3/A6670-3.SLDDRW,S:/public/Z-Transition/Public Documentation/Production Drawings/A4000_A5000_A6000 (B8600)/NEW/A6000/A6670-3.pdf,
WELDASUF-000021,"A6678-1 BASE, SINGLE PIECE, WELDED, UNFINISHED, 12GA GA",A6678-1,X:/Solidworks Drawings/Master Files (Vault)/Products/Above Ground/Above Ground A6000 Pedestal Mount Basic/A6678-1.SLDDRW,X:/Solidworks Drawings/Master Files (Vault)/Products/Above Ground/Above Ground A6000 Pedestal Mount Basic/PDF/A6678-1.pdf,
WELDASUF-000022,"A6951-1 BASE, SINGLE PIECE, WELDED, UNFINISHED, 12GA GA",A6951-1,X:/Solidworks Drawings/SOLIDWORKS BRAVO DWGS/B-8000/B-8600/A6951-1/A6951-1.SLDDRW,S:/public/Z-Transition/Public Documentation/Production Drawings/A4000_A5000_A6000 (B8600)/NEW/A6000/A6951-1.pdf,
WELDASUF-000023,"MF8001-C MIDFRAME, NO EO, WELDED, UNFINISHED, 12GA GA",MF8001-C,,,
WELDASUF-000024,"MF8001-EO5 MIDFRAME, 5 EO, WELDED, UNFINISHED, 12GA GA",MF8001-EO5,,,
WELDASUF-000025,"MF8001-EO7 MIDFRAME, 7 EO, WELDED, UNFINISHED, 12GA GA",MF8001-EO7,,,
WELDASUF-000026,"MF8002-EO3 MIDFRAME, 3 EO, WELDED, UNFINISHED, 12GA GA",MF8002-EO3,,,
WELDASUF-000027,"MF8002-EO4 MIDFRAME, 4 EO, WELDED, UNFINISHED, 12GA GA",MF8002-EO4,,,
WELDASUF-000028,"MF8003-C MIDFRAME, NO EO, WELDED, UNFINISHED, 12GA GA",MF8003-C,,,
WELDASUF-000029,"MF8003-EO5 MIDFRAME, 5 EO, WELDED, UNFINISHED, 12GA GA",MF8003-EO5,,,
WELDASUF-000030,"MF8001-EO4 MIDFRAME, 4 EO, WELDED, UNFINISHED, 12GA GA",MF8001-EO4,,,
WELDASUF-000031,"A9000 COMBO FRAME, SMALL, 1X VFA-2 HOLES, WELDED, UNFINISHED, 12GA GA",A9670,,,"Drawing is just an example of the frame, incl. all metal except F-Frame"
WELDASUF-000032,"A9000 COMBO FRAME, SMALL, 2X VFA-2 HOLES, WELDED, UNFINISHED, 12GA GA",A9670,,,"Drawing is just an example of the frame, incl. all metal except F-Frame"
WELDASUF-000033,"A9000 COMBO FRAME, MEDIUM, 1X VFA-2 HOLES, WELDED, UNFINISHED, 12GA GA","A9210, A9678",X:/Solidworks Drawings/SOLIDWORKS BRAVO DWGS/A9XXX-S30/A9210-S30-22/A9210-S30-22.SLDDRW,,"Drawing is just an example of the frame, incl. all metal except F-Frame"
WELDASUF-000034,"A9000 COMBO FRAME, MEDIUM, 2X VFA-2 HOLES, WELDED, UNFINISHED, 12GA GA","A9210, A9678",X:/Solidworks Drawings/SOLIDWORKS BRAVO DWGS/A9XXX-S30/A9210-S30-22/A9210-S30-22.SLDDRW,,"Drawing is just an example of the frame, incl. all metal except F-Frame"
WELDASUF-000035,"A9678-S30-11-CM-C220516, A9000 COMBO FRAME, SMALL, 2X VFC-1 HOLES, 1X VF-1-1/2 HOLE",A9678-S30-11-CM-C220516,,S:/public/Z-Transition/Public Documentation/Production Drawings/MAJOR OIL/CAR MAX/A9678-S30-11-CM-C220516.PDF,"Drawing is just an example of the frame, incl. all metal except F-Frame"
WELDASUF-000036,"WELDASUF-000035, EPOXY COATED, A9678-S30-11-CM-C220516, A9000 COMBO FRAME, SMALL, 2X VFC-1 HOLES, 1X VF-1-1/2 HOLE",A9678-S30-11-CM-C220516,,S:/public/Z-Transition/Public Documentation/Production Drawings/MAJOR OIL/CAR MAX/A9678-S30-11-CM-C220516.PDF,"Drawing is just an example of the frame, incl. all metal except F-Frame"
WELDASUF-000037,"BK-STYLE 7-1/2"" BAR, WELDED, INCL. RECT TUBE, 2 HEX NUTS, 2 HEX BOLTS","BKWELDFN-100750, BAR-XXXX, BK-1011",X:/Solidworks Drawings/SOLIDWORKS BRAVO DWGS/ACCESSORIES/BK-xxxx/STABILIZER BARS/1011/BK-1011 BAR.SLDDRW,X:/Solidworks Drawings/SOLIDWORKS BRAVO DWGS/ACCESSORIES/BK-xxxx/STABILIZER BARS/1011/BK-1011 BAR.pdf,
WELDASUF-000038,"BK-STYLE 11"" BAR, WELDED, INCL. RECT TUBE, 2 HEX NUTS, 2 HEX BOLTS","BKWELDFN-101100, BAR-XXXX, BK-1015",X:/Solidworks Drawings/SOLIDWORKS BRAVO DWGS/ACCESSORIES/BK-xxxx/STABILIZER BARS/1015/BK-1015 BAR.SLDDRW,X:/Solidworks Drawings/SOLIDWORKS BRAVO DWGS/ACCESSORIES/BK-xxxx/STABILIZER BARS/1015/BK-1015 BAR.pdf,
WELDASUF-000039,"BK-STYLE 13-1/4"" BAR, WELDED, INCL. RECT TUBE, 2 HEX NUTS, 2 HEX BOLTS","BKWELDFN-101325, BAR-XXXX, BK-1017",X:/Solidworks Drawings/SOLIDWORKS BRAVO DWGS/ACCESSORIES/BK-xxxx/STABILIZER BARS/1017/BK-1017 BAR.SLDDRW,X:/Solidworks Drawings/SOLIDWORKS BRAVO DWGS/ACCESSORIES/BK-xxxx/STABILIZER BARS/1017/BK-1017 BAR.pdf,
WELDASUF-000040,"BK-STYLE 12"" BAR, WELDED, INCL. RECT TUBE, 2 HEX NUTS, 2 HEX BOLTS","BKWELDFN-101200, BAR-XXXX, BK-7000",X:/Solidworks Drawings/SOLIDWORKS BRAVO DWGS/ACCESSORIES/BK-xxxx/STABILIZER BARS/7000/BK-7000 BAR.SLDDRW,X:/Solidworks Drawings/SOLIDWORKS BRAVO DWGS/ACCESSORIES/BK-xxxx/STABILIZER BARS/7000/BK-7000 BAR.pdf,
WELDASUF-000041,"BK-STYLE 16-3/4"" BAR, WELDED, INCL. RECT TUBE, 2 HEX NUTS, 2 HEX BOLTS","BKWELDFN-101675, BAR-XXXX, BK-8000",X:/Solidworks Drawings/SOLIDWORKS BRAVO DWGS/ACCESSORIES/BK-xxxx/STABILIZER BARS/8000/BK-8000 BAR.SLDDRW,X:/Solidworks Drawings/SOLIDWORKS BRAVO DWGS/ACCESSORIES/BK-xxxx/STABILIZER BARS/8000/BK-8000 BAR.pdf,
WELDASUF-000042,"B1305 FRAME ASSEMBLY, UNFINISHED, 12GA GA, INCL. FORMED AND WELDED PARTS THAT MAKE UP B1305",,,,
WELDASUF-000043,"B1380 QT FRAME ASSEMBLY, WELDED, UNFINISHED, 12GA GA, INCL. SIDE FRAMES AND WELDED UNISTRUT",,X:\Solidworks Drawings\SOLIDWORKS BRAVO DWGS\MAJOR OIL SW\QUIKTRIP\B1380-S-0QT-Q111Q111\B1380-FRAME-BODY QT.SLDASM,,
WELDASEP-000035,"WELDASUF-000034 EPOXY COATED, A9678-S30-11-CM-C220516, A9000 COMBO FRAME, SMALL, 2X VFC-1 HOLES, 1X VF-1-1/2 HOLE",A9678-S30-11-CM-C220516,,S:/public/Z-Transition/Public Documentation/Production Drawings/MAJOR OIL/CAR MAX/A9678-S30-11-CM-C220516.PDF,"Drawing is just an example of the frame, incl. all metal except F-Frame"
WELDASUF-000044,"CUSTOM B8385 DEF MIDFRAME, WELDED, UNFINSHED, 12GA GA",,X:\Solidworks Drawings\Master Files (Vault)\Library\SOLIDWORKS BRAVO DWGS (MASTER REFERENCE)\UDC\B8000\B8000 MIDFRAME\B8000 X-LARGE MIDFRAME\WELDASUF-000044.SLDASM,,
WELDASEP-000044,"WELDASUF-000044, CUSTOM B8385 DEF MIDFRAME, EPOXY COATED",,,,
FORMEDUF-000013,"WELDASUF-000044, CUSTOM B8385 DEF MIDFRAME, FRONT",,,,
FORMEDUF-000014,"WELDASUF-000044, CUSTOM B8385 DEF MIDFRAME, BACK",,,,
FORMEDUF-000015,"WELDASUF-000044, CUSTOM B8385 DEF MIDFRAME, RIGHT SIDE",,,,
FORMEDUF-000016,"WELDASUF-000044, CUSTOM B8385 DEF MIDFRAME, LEFT SIDE",,,,
FRPSHELS-900006,"STANDARD - B1000 STYLE SINGLE WALL BOX, 13-11/16"" LENGTH, USED BY B1205, B1305",,,,SEE S:\Engineering\Part Master List\Standard UDC Chart.xlsx
FRPSHELS-900007,"STANDARD - B1000 STYLE SINGLE WALL BOX, 42"" LENGTH, USED BY B1388",,,,SEE S:\Engineering\Part Master List\Standard UDC Chart.xlsx
FRPSHELS-900008,"STANDARD - B1000 STYLE SINGLE WALL BOX, 37-5/16"" LENGTH, 33"" HEIGHT, USED BY B1380-V",,,,SEE S:\Engineering\Part Master List\Standard UDC Chart.xlsx
FORMEDUF-000017,"CUSTOM B1385 521 U-CHANNEL END FRAME, SINGLE, UNFINISHED, 12GA GA",B1385-S30 U CHANNEL,,,
FORMEDUF-000018,"B1381 SIDE FRAME, QUICKTRIP, BOTH SIDES, BENT, UNFINISHED, 12GA GA",B1381 FRAME NEW,X:\Solidworks Drawings\SOLIDWORKS BRAVO DWGS\PRE PLUMBED BOXES\B1380\B138A-S33-XX-A\COMPONENTS\B1381 FRAME NEW.SLDPRT,,
FORMEDUF-000019,"B138A ADA CONDUIT BRACKET END FRAME, SINGLE, UNFINISHED, 12GA GA, INCL. SPACERS",ADA CONDUIT BRKT,X:\Solidworks Drawings\SOLIDWORKS BRAVO DWGS\PRE PLUMBED BOXES\B1380\ADA CONDUIT BRKT\ADA CONDUIT BRKT.SLDASM,,
FRPSHELD-900009,"STANDARD - B1000 STYLE DOUBLE WALL BOX, HEB, 37-1/2"" LENGTH, 38"" HEIGHT, USED BY B1250-HEB",,,,SEE S:\Engineering\Part Master List\Standard UDC Chart.xlsx
FRPSHELS-900009,"STANDARD - B1000 STYLE SINGLE WALL BOX, HEB, 37-1/2"" LENGTH, 38"" HEIGHT, USED BY B1250-HEB",,,,SEE S:\Engineering\Part Master List\Standard UDC Chart.xlsx
FRPSHELE-900009,"STANDARD - B1000 STYLE ECONOMY WALL BOX, HEB, 37-1/2"" LENGTH, 38"" HEIGHT, USED BY B1250-HEB",,,,SEE S:\Engineering\Part Master List\Standard UDC Chart.xlsx
FORMEDUF-000020,"B1253 HEB FRAME, SIDE FRAME, BOTH SIDES, BENT, UNFINISHED, 12GA GA",B1253-FRAME SIDE 1,X:\Solidworks Drawings\SOLIDWORKS BRAVO DWGS\MAJOR OIL SW\HEB\ARCHIVE\B1250-D3FT3-HEB\COMPONENTS\FRAME\B1253-HEB-FRAME ASSEMBLY.SLDASM,,
WELDASUF-000045,"B1253 HEB FRAME, END FRAME, BOTH SIDES, WELDED, UNFINISHED, 12GA GA",B1253-FRAME ENDS ASSEMBLY,X:\Solidworks Drawings\SOLIDWORKS BRAVO DWGS\MAJOR OIL SW\HEB\ARCHIVE\B1250-D3FT3-HEB\COMPONENTS\FRAME\B1253-FRAME ENDS ASSEMBLY.SLDASM,,
